scraping_id,source_url,scraping_status,validation_status,validation_score,scraping_timestamp
2,https://www.autotempest.com/results?localization=country&make=porsche&maxyear=2012&minyear=2009&model=cayman&transmission=auto&zip=30214,success,invalid,0,2025-10-27T14:56:44.762418
1,https://www.autotempest.com/results?localization=country&make=porsche&maxyear=2012&minyear=2009&model=cayman&transmission=auto&zip=30214,success,invalid,0,2025-10-27T14:56:45.135940
3,https://www.autotempest.com/results?localization=country&make=porsche&maxyear=2012&minyear=2009&model=cayman&transmission=auto&zip=30214,success,invalid,0,2025-10-27T14:56:50.514093
4,https://www.autotempest.com/results?localization=country&make=porsche&maxyear=2012&minyear=2009&model=cayman&transmission=auto&zip=30214,success,invalid,0,2025-10-27T14:56:50.556468
5,https://www.autotempest.com/results?localization=country&make=porsche&maxyear=2012&minyear=2009&model=cayman&transmission=auto&zip=30214,success,invalid,0,2025-10-27T14:56:55.508613
6,https://www.autotempest.com/results?localization=country&make=porsche&maxyear=2012&minyear=2009&model=cayman&transmission=auto&zip=30214,success,invalid,0,2025-10-27T14:56:55.559272
7,https://www.autotempest.com/results?localization=country&make=porsche&maxyear=2012&minyear=2009&model=cayman&transmission=auto&zip=30214,success,invalid,0,2025-10-27T14:57:00.613651
9,https://www.autotempest.com/results?localization=country&make=porsche&maxyear=2016&minyear=2009&model=caymans&transmission=auto&zip=30214,success,invalid,0,2025-10-27T14:57:04.755231
10,https://www.autotempest.com/results?localization=country&make=porsche&maxyear=2016&minyear=2009&model=caymans&transmission=auto&zip=30214,success,invalid,0,2025-10-27T14:57:08.136906
11,https://www.autotempest.com/results?localization=country&make=porsche&maxyear=2016&minyear=2009&model=caymans&transmission=auto&zip=30214,success,invalid,0,2025-10-27T14:57:11.800643
8,https://www.autotempest.com/results?localization=country&make=porsche&maxyear=2012&minyear=2009&model=cayman&transmission=auto&zip=30214,success,invalid,0,2025-10-27T14:57:14.855636
12,https://www.autotempest.com/results?localization=country&make=porsche&maxyear=2016&minyear=2009&model=caymans&transmission=auto&zip=30214,success,invalid,0,2025-10-27T14:57:15.534410
13,https://www.autotempest.com/results?localization=country&make=porsche&maxyear=2016&minyear=2009&model=caymans&transmission=auto&zip=30214,success,invalid,0,2025-10-27T14:57:19.511368
14,https://www.autotempest.com/results?localization=country&make=porsche&maxyear=2016&minyear=2009&model=caymans&transmission=auto&zip=30214,success,invalid,0,2025-10-27T14:57:19.922153
15,https://www.autotempest.com/results?localization=country&make=porsche&maxyear=2016&minyear=2009&model=caymans&transmission=auto&zip=30214,success,invalid,0,2025-10-27T14:57:23.507534
16,https://www.autotempest.com/results?localization=country&make=porsche&maxyear=2016&minyear=2009&model=caymans&transmission=auto&zip=30214,success,invalid,0,2025-10-27T14:57:24.486716
17,https://www.autotempest.com/results?localization=country&make=porsche&maxyear=2016&minyear=2009&model=caymans&transmission=auto&zip=30214,success,invalid,0,2025-10-27T14:57:27.822078
18,https://www.autotempest.com/results?localization=country&make=porsche&maxyear=2016&minyear=2009&model=caymans&transmission=auto&zip=30214,success,invalid,0,2025-10-27T14:57:29.200153
19,https://www.autotempest.com/results?localization=country&make=porsche&maxyear=2016&minyear=2009&model=caymans&transmission=auto&zip=30214,success,invalid,0,2025-10-27T14:57:31.797552
20,https://www.autotempest.com/results?localization=country&make=porsche&maxyear=2016&minyear=2009&model=caymans&transmission=auto&zip=30214,success,invalid,0,2025-10-27T14:57:33.240892
21,https://www.autotempest.com/results?localization=country&make=porsche&maxyear=2016&minyear=2009&model=caymans&transmission=auto&zip=30214,success,invalid,0,2025-10-27T14:57:35.756278
22,https://www.autotempest.com/results?localization=country&make=porsche&maxyear=2016&minyear=2009&model=caymans&transmission=auto&zip=30214,success,invalid,0,2025-10-27T14:57:37.308215
23,https://www.autotempest.com/results?localization=country&make=porsche&maxyear=2016&minyear=2009&model=caymans&transmission=auto&zip=30214,success,invalid,0,2025-10-27T14:57:39.747811
24,https://www.autotempest.com/results?localization=country&make=porsche&maxyear=2016&minyear=2009&model=caymans&transmission=auto&zip=30214,success,invalid,0,2025-10-27T14:57:41.509723
25,https://www.autotempest.com/results?localization=country&make=porsche&maxyear=2016&minyear=2009&model=caymans&transmission=auto&zip=30214,success,invalid,0,2025-10-27T14:57:44.527058
26,https://www.autotempest.com/results?localization=country&make=porsche&maxyear=2016&minyear=2009&model=caymans&transmission=auto&zip=30214,success,invalid,0,2025-10-27T14:57:46.339324
27,https://www.autotempest.com/results?localization=country&make=porsche&maxyear=2016&minyear=2009&model=caymans&transmission=auto&zip=30214,success,invalid,0,2025-10-27T14:57:49.380597
28,https://www.autotempest.com/results?localization=country&make=porsche&maxyear=2016&minyear=2009&model=caymans&transmission=auto&zip=30214,success,invalid,0,2025-10-27T14:57:50.160284
30,https://www.autotempest.com/results?localization=country&make=porsche&maxyear=2016&minyear=2009&model=caymans&transmission=auto&zip=30214,success,invalid,0,2025-10-27T14:57:55.404320
29,https://www.autotempest.com/results?localization=country&make=porsche&maxyear=2016&minyear=2009&model=caymans&transmission=auto&zip=30214,success,invalid,0,2025-10-27T14:58:00.995963
31,https://www.autotempest.com/results?localization=country&make=porsche&maxyear=2016&minyear=2009&model=caymans&transmission=auto&zip=30214,success,invalid,0,2025-10-27T14:58:04.743213
32,https://www.autotempest.com/results?localization=country&make=porsche&maxyear=2016&minyear=2009&model=caymans&transmission=auto&zip=30214,success,invalid,0,2025-10-27T14:58:06.344522
33,https://www.autotempest.com/results?localization=country&make=porsche&maxyear=2016&minyear=2009&model=caymans&transmission=auto&zip=30214,success,invalid,0,2025-10-27T14:58:11.163975
34,https://www.autotempest.com/results?localization=country&make=porsche&maxyear=2016&minyear=2009&model=caymans&transmission=auto&zip=30214,success,invalid,0,2025-10-27T14:58:11.647075
35,https://www.autotempest.com/results?localization=country&make=porsche&maxyear=2016&minyear=2009&model=caymans&transmission=auto&zip=30214,success,invalid,0,2025-10-27T14:58:17.427213
36,https://www.autotempest.com/results?localization=country&make=porsche&maxyear=2016&minyear=2009&model=caymans&transmission=auto&zip=30214,success,invalid,0,2025-10-27T14:58:17.565791
38,https://www.autotempest.com/results?localization=country&make=porsche&maxyear=2016&minyear=2009&model=caymans&transmission=auto&zip=30214,success,invalid,0,2025-10-27T14:58:22.988386
37,https://www.autotempest.com/results?localization=country&make=porsche&maxyear=2016&minyear=2009&model=caymans&transmission=auto&zip=30214,success,invalid,0,2025-10-27T14:58:23.391464
40,https://www.autotempest.com/results?localization=country&make=porsche&maxyear=2016&minyear=2009&model=boxster&transmission=auto&zip=30214,success,invalid,0,2025-10-27T14:58:27.217505
39,https://www.autotempest.com/results?localization=country&make=porsche&maxyear=2016&minyear=2009&model=caymans&transmission=auto&zip=30214,success,invalid,0,2025-10-27T14:58:29.426469
41,https://www.autotempest.com/results?localization=country&make=porsche&maxyear=2016&minyear=2009&model=boxster&transmission=auto&zip=30214,success,invalid,0,2025-10-27T14:58:32.310067
42,https://www.autotempest.com/results?localization=country&make=porsche&maxyear=2016&minyear=2009&model=boxster&transmission=auto&zip=30214,success,invalid,0,2025-10-27T14:58:33.564312
43,https://www.autotempest.com/results?localization=country&make=porsche&maxyear=2016&minyear=2009&model=boxster&transmission=auto&zip=30214,success,invalid,0,2025-10-27T14:58:36.536408
44,https://www.autotempest.com/results?localization=country&make=porsche&maxyear=2016&minyear=2009&model=boxster&transmission=auto&zip=30214,success,invalid,0,2025-10-27T14:58:38.618635
45,https://www.autotempest.com/results?localization=country&make=porsche&maxyear=2016&minyear=2009&model=boxster&transmission=auto&zip=30214,success,invalid,0,2025-10-27T14:58:41.724878
46,https://www.autotempest.com/results?localization=country&make=porsche&maxyear=2016&minyear=2009&model=boxster&transmission=auto&zip=30214,success,invalid,0,2025-10-27T14:58:43.058462
47,https://www.autotempest.com/results?localization=country&make=porsche&maxyear=2016&minyear=2009&model=boxster&transmission=auto&zip=30214,success,invalid,0,2025-10-27T14:58:45.188923
48,https://www.autotempest.com/results?localization=country&make=porsche&maxyear=2016&minyear=2009&model=boxster&transmission=auto&zip=30214,success,invalid,0,2025-10-27T14:58:46.767232
49,https://www.autotempest.com/results?localization=country&make=porsche&maxyear=2016&minyear=2009&model=boxster&transmission=auto&zip=30214,success,invalid,0,2025-10-27T14:58:48.993865
50,https://www.autotempest.com/results?localization=country&make=porsche&maxyear=2016&minyear=2009&model=boxster&transmission=auto&zip=30214,success,invalid,0,2025-10-27T14:58:51.123181
51,https://www.autotempest.com/results?localization=country&make=porsche&maxyear=2016&minyear=2009&model=boxster&transmission=auto&zip=30214,success,invalid,0,2025-10-27T14:58:52.653009
52,https://www.autotempest.com/results?localization=country&make=porsche&maxyear=2016&minyear=2009&model=boxster&transmission=auto&zip=30214,success,invalid,0,2025-10-27T14:58:55.030428
53,https://www.autotempest.com/results?localization=country&make=porsche&maxyear=2016&minyear=2009&model=boxster&transmission=auto&zip=30214,success,invalid,0,2025-10-27T14:58:57.159458
54,https://www.autotempest.com/results?localization=country&make=porsche&maxyear=2016&minyear=2009&model=boxster&transmission=auto&zip=30214,success,invalid,0,2025-10-27T14:58:59.427160
55,https://www.autotempest.com/results?localization=country&make=porsche&maxyear=2016&minyear=2009&model=boxster&transmission=auto&zip=30214,success,invalid,0,2025-10-27T14:59:01.791808
56,https://www.autotempest.com/results?localization=country&make=porsche&maxyear=2016&minyear=2009&model=boxster&transmission=auto&zip=30214,success,invalid,0,2025-10-27T14:59:04.696711
57,https://www.autotempest.com/results?localization=country&make=porsche&maxyear=2016&minyear=2009&model=boxster&transmission=auto&zip=30214,success,invalid,0,2025-10-27T14:59:06.753835
58,https://www.autotempest.com/results?localization=country&make=porsche&maxyear=2016&minyear=2009&model=boxster&transmission=auto&zip=30214,success,invalid,0,2025-10-27T14:59:09.890393
59,https://www.autotempest.com/results?localization=country&make=porsche&maxyear=2016&minyear=2009&model=boxster&transmission=auto&zip=30214,success,invalid,0,2025-10-27T14:59:10.903635
60,https://www.autotempest.com/results?localization=country&make=porsche&maxyear=2016&minyear=2009&model=boxster&transmission=auto&zip=30214,success,invalid,0,2025-10-27T14:59:14.009960
61,https://www.autotempest.com/results?localization=country&make=porsche&maxyear=2016&minyear=2009&model=boxster&transmission=auto&zip=30214,success,invalid,0,2025-10-27T14:59:15.833352
62,https://www.autotempest.com/results?localization=country&make=porsche&maxyear=2016&minyear=2009&model=boxster&transmission=auto&zip=30214,success,invalid,0,2025-10-27T14:59:18.319549
63,https://www.autotempest.com/results?localization=country&make=porsche&maxyear=2016&minyear=2009&model=boxster&transmission=auto&zip=30214,success,invalid,0,2025-10-27T14:59:19.953443
64,https://www.autotempest.com/results?localization=country&make=porsche&maxyear=2016&minyear=2009&model=boxster&transmission=auto&zip=30214,success,invalid,0,2025-10-27T14:59:23.222709
65,https://www.autotempest.com/results?localization=country&make=porsche&maxyear=2016&minyear=2009&model=boxster&transmission=auto&zip=30214,success,invalid,0,2025-10-27T14:59:25.074652
66,https://www.autotempest.com/results?localization=country&make=porsche&maxyear=2016&minyear=2009&model=boxster&transmission=auto&zip=30214,success,invalid,0,2025-10-27T14:59:28.835446
67,https://www.autotempest.com/results?localization=country&make=porsche&maxyear=2016&minyear=2009&model=boxster&transmission=auto&zip=30214,success,invalid,0,2025-10-27T14:59:29.458293
68,https://www.autotempest.com/results?localization=country&make=porsche&maxyear=2016&minyear=2009&model=boxster&transmission=auto&zip=30214,success,invalid,0,2025-10-27T14:59:33.854500
69,https://www.autotempest.com/results?localization=country&make=porsche&maxyear=2016&minyear=2009&model=boxster&transmission=auto&zip=30214,success,invalid,0,2025-10-27T14:59:34.616731
70,https://www.autotempest.com/results?localization=country&make=porsche&maxyear=2016&minyear=2009&model=boxster&transmission=auto&zip=30214,success,invalid,0,2025-10-27T14:59:40.041442
71,https://www.autotempest.com/results?localization=country&make=porsche&maxyear=2016&minyear=2009&model=boxster&transmission=auto&zip=30214,success,invalid,0,2025-10-27T14:59:40.045417
72,https://www.autotempest.com/results?localization=country&make=porsche&maxyear=2016&minyear=2009&model=boxster&transmission=auto&zip=30214,success,invalid,0,2025-10-27T14:59:44.968853
73,https://www.autotempest.com/results?localization=country&make=porsche&maxyear=2016&minyear=2009&model=boxster&transmission=auto&zip=30214,success,invalid,0,2025-10-27T14:59:45.004335
75,https://www.autotempest.com/results?localization=country&make=porsche&maxyear=2016&minyear=2009&model=boxster&transmission=auto&zip=30214,success,invalid,0,2025-10-27T14:59:48.896073
74,https://www.autotempest.com/results?localization=country&make=porsche&maxyear=2016&minyear=2009&model=boxster&transmission=auto&zip=30214,success,invalid,0,2025-10-27T14:59:48.899765
76,https://www.autotempest.com/results?localization=country&make=porsche&maxyear=2016&minyear=2009&model=boxster&transmission=auto&zip=30214,success,invalid,0,2025-10-27T14:59:52.447069
77,https://www.autotempest.com/results?localization=country&make=porsche&maxyear=2016&minyear=2009&model=boxster&transmission=auto&zip=30214,success,invalid,0,2025-10-27T15:00:00.232864
78,https://www.autotempest.com/results?localization=country&make=porsche&maxyear=2016&minyear=2009&model=boxster&transmission=auto&zip=30214,success,invalid,0,2025-10-27T15:00:03.552876
79,https://www.autotempest.com/results?localization=country&make=porsche&maxyear=2016&minyear=2009&model=boxster&transmission=auto&zip=30214,success,invalid,0,2025-10-27T15:00:11.078475
80,https://www.autotempest.com/results?localization=country&make=porsche&maxyear=2016&minyear=2009&model=boxster&transmission=auto&zip=30214,success,invalid,0,2025-10-27T15:00:15.137929
81,https://www.autotempest.com/results?localization=country&make=porsche&maxyear=2016&minyear=2009&model=boxster&transmission=auto&zip=30214,success,invalid,0,2025-10-27T15:00:15.444521
82,https://www.autotempest.com/results?localization=country&make=porsche&maxyear=2016&minyear=2009&model=boxster&transmission=auto&zip=30214,success,invalid,0,2025-10-27T15:00:19.801623
83,https://www.autotempest.com/results?localization=country&make=porsche&maxyear=2016&minyear=2009&model=boxster&transmission=auto&zip=30214,success,invalid,0,2025-10-27T15:00:19.994682
84,https://www.autotempest.com/results?localization=country&make=porsche&maxyear=2016&minyear=2009&model=boxster&transmission=auto&zip=30214,success,invalid,0,2025-10-27T15:00:24.116662
85,https://www.autotempest.com/results?localization=country&make=porsche&maxyear=2016&minyear=2009&model=boxster&transmission=auto&zip=30214,success,invalid,0,2025-10-27T15:00:38.617177
86,https://www.autotempest.com/results?localization=country&make=porsche&maxyear=2016&minyear=2009&model=boxster&transmission=auto&zip=30214,success,invalid,0,2025-10-27T15:00:42.522595
87,https://www.autotempest.com/results?localization=country&make=porsche&maxyear=2016&minyear=2009&model=boxster&transmission=auto&zip=30214,success,invalid,0,2025-10-27T15:00:57.003742
89,https://www.autotempest.com/results?localization=country&make=porsche&maxyear=2016&minyear=2009&model=boxsters&transmission=auto&zip=30214,success,invalid,0,2025-10-27T15:01:00.534785
88,https://www.autotempest.com/results?localization=country&make=porsche&maxyear=2016&minyear=2009&model=boxster&transmission=auto&zip=30214,success,invalid,0,2025-10-27T15:01:00.800800
90,https://www.autotempest.com/results?localization=country&make=porsche&maxyear=2016&minyear=2009&model=boxsters&transmission=auto&zip=30214,success,invalid,0,2025-10-27T15:01:05.236040
91,https://www.autotempest.com/results?localization=country&make=porsche&maxyear=2016&minyear=2009&model=boxsters&transmission=auto&zip=30214,success,invalid,0,2025-10-27T15:01:05.240716
92,https://www.autotempest.com/results?localization=country&make=porsche&maxyear=2016&minyear=2009&model=boxsters&transmission=auto&zip=30214,success,invalid,0,2025-10-27T15:01:10.886757
93,https://www.autotempest.com/results?localization=country&make=porsche&maxyear=2016&minyear=2009&model=boxsters&transmission=auto&zip=30214,success,invalid,0,2025-10-27T15:01:10.890892
95,https://www.autotempest.com/results?localization=country&make=porsche&maxyear=2016&minyear=2009&model=boxsters&transmission=auto&zip=30214,success,invalid,0,2025-10-27T15:01:16.347217
94,https://www.autotempest.com/results?localization=country&make=porsche&maxyear=2016&minyear=2009&model=boxsters&transmission=auto&zip=30214,success,invalid,0,2025-10-27T15:01:16.422829
96,https://www.autotempest.com/results?localization=country&make=porsche&maxyear=2016&minyear=2009&model=boxsters&transmission=auto&zip=30214,success,invalid,0,2025-10-27T15:01:21.141728
97,https://www.autotempest.com/results?localization=country&make=porsche&maxyear=2016&minyear=2009&model=boxsters&transmission=auto&zip=30214,success,invalid,0,2025-10-27T15:01:21.274919
98,https://www.autotempest.com/results?localization=country&make=porsche&maxyear=2016&minyear=2009&model=boxsters&transmission=auto&zip=30214,success,invalid,0,2025-10-27T15:01:26.662983
99,https://www.autotempest.com/results?localization=country&make=porsche&maxyear=2016&minyear=2009&model=boxsters&transmission=auto&zip=30214,success,invalid,0,2025-10-27T15:01:26.712819
100,https://www.autotempest.com/results?localization=country&make=porsche&maxyear=2016&minyear=2009&model=boxsters&transmission=auto&zip=30214,success,invalid,0,2025-10-27T15:01:31.553166
101,https://www.autotempest.com/results?localization=country&make=porsche&maxyear=2016&minyear=2009&model=boxsters&transmission=auto&zip=30214,success,invalid,0,2025-10-27T15:01:31.589596
102,https://www.autotempest.com/results?localization=country&make=porsche&maxyear=2016&minyear=2009&model=boxsters&transmission=auto&zip=30214,success,invalid,0,2025-10-27T15:01:36.550876
103,https://www.autotempest.com/results?localization=country&make=porsche&maxyear=2016&minyear=2009&model=boxsters&transmission=auto&zip=30214,success,invalid,0,2025-10-27T15:01:36.554647
104,https://www.autotempest.com/results?localization=country&make=porsche&maxyear=2016&minyear=2009&model=boxsters&transmission=auto&zip=30214,success,invalid,0,2025-10-27T15:01:42.449964
105,https://www.autotempest.com/results?localization=country&make=porsche&maxyear=2016&minyear=2009&model=boxsters&transmission=auto&zip=30214,success,invalid,0,2025-10-27T15:01:42.453824
107,https://www.autotempest.com/results?localization=country&make=porsche&maxyear=2016&minyear=2009&model=boxsters&transmission=auto&zip=30214,success,invalid,0,2025-10-27T15:01:48.167624
106,https://www.autotempest.com/results?localization=country&make=porsche&maxyear=2016&minyear=2009&model=boxsters&transmission=auto&zip=30214,success,invalid,0,2025-10-27T15:01:48.185119
109,https://www.autotempest.com/results?localization=country&make=porsche&maxyear=2016&minyear=2009&model=boxsters&transmission=auto&zip=30214,success,invalid,0,2025-10-27T15:01:54.259437
108,https://www.autotempest.com/results?localization=country&make=porsche&maxyear=2016&minyear=2009&model=boxsters&transmission=auto&zip=30214,success,invalid,0,2025-10-27T15:01:54.263707
111,https://www.autotempest.com/results?localization=country&make=porsche&maxyear=2016&minyear=2009&model=boxsters&transmission=auto&zip=30214,success,invalid,0,2025-10-27T15:02:00.270953
110,https://www.autotempest.com/results?localization=country&make=porsche&maxyear=2016&minyear=2009&model=boxsters&transmission=auto&zip=30214,success,invalid,0,2025-10-27T15:02:00.365404
112,https://www.autotempest.com/results?localization=country&make=porsche&maxyear=2016&minyear=2009&model=boxsters&transmission=auto&zip=30214,success,invalid,0,2025-10-27T15:02:06.160645
113,https://www.autotempest.com/results?localization=country&make=porsche&maxyear=2016&minyear=2009&model=boxsters&transmission=auto&zip=30214,success,invalid,0,2025-10-27T15:02:06.165187
115,https://www.autotempest.com/results?localization=country&make=porsche&maxyear=2016&minyear=2009&model=boxsters&transmission=auto&zip=30214,success,invalid,0,2025-10-27T15:02:12.127924
114,https://www.autotempest.com/results?localization=country&make=porsche&maxyear=2016&minyear=2009&model=boxsters&transmission=auto&zip=30214,success,invalid,0,2025-10-27T15:02:12.131911
117,https://www.autotempest.com/results?localization=country&make=porsche&maxyear=2016&minyear=2009&model=boxsters&transmission=auto&zip=30214,success,invalid,0,2025-10-27T15:02:17.871623
116,https://www.autotempest.com/results?localization=country&make=porsche&maxyear=2016&minyear=2009&model=boxsters&transmission=auto&zip=30214,success,invalid,0,2025-10-27T15:02:17.891049
119,https://www.autotempest.com/results?localization=country&make=porsche&maxyear=2016&minyear=2009&model=boxsters&transmission=auto&zip=30214,success,invalid,0,2025-10-27T15:02:29.284497
118,https://www.autotempest.com/results?localization=country&make=porsche&maxyear=2016&minyear=2009&model=boxsters&transmission=auto&zip=30214,success,invalid,0,2025-10-27T15:02:29.539855
120,https://www.autotempest.com/results?localization=country&make=porsche&maxyear=2016&minyear=2009&model=boxsters&transmission=auto&zip=30214,success,invalid,0,2025-10-27T15:02:33.066486
121,https://www.autotempest.com/results?localization=country&make=porsche&maxyear=2016&minyear=2009&model=boxsters&transmission=auto&zip=30214,success,invalid,0,2025-10-27T15:02:33.770580
122,https://www.autotempest.com/results?localization=country&make=porsche&maxyear=2016&minyear=2009&model=boxsters&transmission=auto&zip=30214,success,invalid,0,2025-10-27T15:02:37.309279
123,https://www.autotempest.com/results?localization=country&make=porsche&maxyear=2016&minyear=2009&model=boxsters&transmission=auto&zip=30214,success,invalid,0,2025-10-27T15:02:39.045055
124,https://www.autotempest.com/results?localization=country&make=porsche&maxyear=2016&minyear=2009&model=boxsters&transmission=auto&zip=30214,success,invalid,0,2025-10-27T15:02:42.257101
125,https://www.autotempest.com/results?localization=country&make=porsche&maxyear=2016&minyear=2009&model=boxsters&transmission=auto&zip=30214,success,invalid,0,2025-10-27T15:02:44.020211
126,https://www.autotempest.com/results?localization=country&make=porsche&maxyear=2016&minyear=2009&model=boxsters&transmission=auto&zip=30214,success,invalid,0,2025-10-27T15:02:47.690821
127,https://www.autotempest.com/results?localization=country&make=porsche&maxyear=2016&minyear=2009&model=boxsters&transmission=auto&zip=30214,success,invalid,0,2025-10-27T15:02:49.445527
128,https://www.autotempest.com/results?localization=country&make=porsche&maxyear=2016&minyear=2009&model=boxsters&transmission=auto&zip=30214,success,invalid,0,2025-10-27T15:02:54.098101
129,https://www.autotempest.com/results?localization=country&make=porsche&maxyear=2016&minyear=2009&model=boxsters&transmission=auto&zip=30214,success,invalid,0,2025-10-27T15:02:54.525552
131,https://www.autotempest.com/results?localization=country&make=porsche&maxyear=2016&minyear=2009&model=boxsters&transmission=auto&zip=30214,success,invalid,0,2025-10-27T15:03:00.173602
130,https://www.autotempest.com/results?localization=country&make=porsche&maxyear=2016&minyear=2009&model=boxsters&transmission=auto&zip=30214,success,invalid,0,2025-10-27T15:03:00.593786
132,https://www.autotempest.com/results?localization=country&make=porsche&maxyear=2016&minyear=2009&model=boxsters&transmission=auto&zip=30214,success,invalid,0,2025-10-27T15:03:06.140025
133,https://www.autotempest.com/results?localization=country&make=porsche&maxyear=2016&minyear=2009&model=boxsters&transmission=auto&zip=30214,success,invalid,0,2025-10-27T15:03:06.319243
134,https://www.autotempest.com/results?localization=country&make=porsche&maxyear=2016&minyear=2009&model=boxsters&transmission=auto&zip=30214,success,invalid,0,2025-10-27T15:03:11.738474
135,https://www.autotempest.com/results?localization=country&make=porsche&maxyear=2016&minyear=2009&model=boxsters&transmission=auto&zip=30214,success,invalid,0,2025-10-27T15:03:12.129758
136,https://www.autotempest.com/results?localization=country&make=porsche&maxyear=2016&minyear=2009&model=boxsters&transmission=auto&zip=30214,success,invalid,0,2025-10-27T15:03:16.411309
137,https://www.autotempest.com/results?localization=country&make=porsche&maxyear=2016&minyear=2009&model=boxsters&transmission=auto&zip=30214,success,invalid,0,2025-10-27T15:03:21.700959
138,https://www.autotempest.com/results?localization=country&make=porsche&maxyear=2016&minyear=2009&model=boxsters&transmission=auto&zip=30214,success,invalid,0,2025-10-27T15:03:22.134190
139,https://www.autotempest.com/results?localization=country&make=porsche&maxyear=2016&minyear=2009&model=boxsters&transmission=auto&zip=30214,success,invalid,0,2025-10-27T15:03:27.465782
140,https://www.autotempest.com/results?localization=country&make=porsche&maxyear=2016&minyear=2009&model=boxsters&transmission=auto&zip=30214,success,invalid,0,2025-10-27T15:03:27.545340
142,https://www.autotempest.com/results?localization=country&make=porsche&maxyear=2016&minyear=2009&model=boxsters&transmission=auto&zip=30214,success,invalid,0,2025-10-27T15:03:33.247651
141,https://www.autotempest.com/results?localization=country&make=porsche&maxyear=2016&minyear=2009&model=boxsters&transmission=auto&zip=30214,success,invalid,0,2025-10-27T15:03:33.735129
143,https://www.autotempest.com/results?localization=country&make=porsche&maxyear=2016&minyear=2009&model=boxsters&transmission=auto&zip=30214,success,invalid,0,2025-10-27T15:03:52.431520
144,https://www.autotempest.com/results?localization=country&make=porsche&maxyear=2016&minyear=2009&model=boxsters&transmission=auto&zip=30214,success,invalid,0,2025-10-27T15:03:52.528615
